feature_id,omics_type
expression_Gene_0000,expression
expression_Gene_0001,expression
expression_Gene_0002,expression
expression_Gene_0003,expression
expression_Gene_0004,expression
expression_Gene_0005,expression
expression_Gene_0006,expression
expression_Gene_0007,expression
expression_Gene_0008,expression
expression_Gene_0009,expression
expression_Gene_0010,expression
expression_Gene_0011,expression
expression_Gene_0012,expression
expression_Gene_0013,expression
expression_Gene_0014,expression
expression_Gene_0015,expression
expression_Gene_0016,expression
expression_Gene_0017,expression
expression_Gene_0018,expression
expression_Gene_0019,expression
expression_Gene_0020,expression
expression_Gene_0021,expression
expression_Gene_0022,expression
expression_Gene_0023,expression
expression_Gene_0024,expression
expression_Gene_0025,expression
expression_Gene_0026,expression
expression_Gene_0027,expression
expression_Gene_0028,expression
expression_Gene_0029,expression
expression_Gene_0030,expression
expression_Gene_0031,expression
expression_Gene_0032,expression
expression_Gene_0033,expression
expression_Gene_0034,expression
expression_Gene_0035,expression
expression_Gene_0036,expression
expression_Gene_0037,expression
expression_Gene_0038,expression
expression_Gene_0039,expression
expression_Gene_0040,expression
expression_Gene_0041,expression
expression_Gene_0042,expression
expression_Gene_0043,expression
expression_Gene_0044,expression
expression_Gene_0045,expression
expression_Gene_0046,expression
expression_Gene_0047,expression
expression_Gene_0048,expression
expression_Gene_0049,expression
expression_Gene_0050,expression
expression_Gene_0051,expression
expression_Gene_0052,expression
expression_Gene_0053,expression
expression_Gene_0054,expression
expression_Gene_0055,expression
expression_Gene_0056,expression
expression_Gene_0057,expression
expression_Gene_0058,expression
expression_Gene_0059,expression
expression_Gene_0060,expression
expression_Gene_0061,expression
expression_Gene_0062,expression
expression_Gene_0063,expression
expression_Gene_0064,expression
expression_Gene_0065,expression
expression_Gene_0066,expression
expression_Gene_0067,expression
expression_Gene_0068,expression
expression_Gene_0069,expression
expression_Gene_0070,expression
expression_Gene_0071,expression
expression_Gene_0072,expression
expression_Gene_0073,expression
expression_Gene_0074,expression
expression_Gene_0075,expression
expression_Gene_0076,expression
expression_Gene_0077,expression
expression_Gene_0078,expression
expression_Gene_0079,expression
expression_Gene_0080,expression
expression_Gene_0081,expression
expression_Gene_0082,expression
expression_Gene_0083,expression
expression_Gene_0084,expression
expression_Gene_0085,expression
expression_Gene_0086,expression
expression_Gene_0087,expression
expression_Gene_0088,expression
expression_Gene_0089,expression
expression_Gene_0090,expression
expression_Gene_0091,expression
expression_Gene_0092,expression
expression_Gene_0093,expression
expression_Gene_0094,expression
expression_Gene_0095,expression
expression_Gene_0096,expression
expression_Gene_0097,expression
expression_Gene_0098,expression
expression_Gene_0099,expression
expression_Gene_0100,expression
expression_Gene_0101,expression
expression_Gene_0102,expression
expression_Gene_0103,expression
expression_Gene_0104,expression
expression_Gene_0105,expression
expression_Gene_0106,expression
expression_Gene_0107,expression
expression_Gene_0108,expression
expression_Gene_0109,expression
expression_Gene_0110,expression
expression_Gene_0111,expression
expression_Gene_0112,expression
expression_Gene_0113,expression
expression_Gene_0114,expression
expression_Gene_0115,expression
expression_Gene_0116,expression
expression_Gene_0117,expression
expression_Gene_0118,expression
expression_Gene_0119,expression
expression_Gene_0120,expression
expression_Gene_0121,expression
expression_Gene_0122,expression
expression_Gene_0123,expression
expression_Gene_0124,expression
expression_Gene_0125,expression
expression_Gene_0126,expression
expression_Gene_0127,expression
expression_Gene_0128,expression
expression_Gene_0129,expression
expression_Gene_0130,expression
expression_Gene_0131,expression
expression_Gene_0132,expression
expression_Gene_0133,expression
expression_Gene_0134,expression
expression_Gene_0135,expression
expression_Gene_0136,expression
expression_Gene_0137,expression
expression_Gene_0138,expression
expression_Gene_0139,expression
expression_Gene_0140,expression
expression_Gene_0141,expression
expression_Gene_0142,expression
expression_Gene_0143,expression
expression_Gene_0144,expression
expression_Gene_0145,expression
expression_Gene_0146,expression
expression_Gene_0147,expression
expression_Gene_0148,expression
expression_Gene_0149,expression
expression_Gene_0150,expression
expression_Gene_0151,expression
expression_Gene_0152,expression
expression_Gene_0153,expression
expression_Gene_0154,expression
expression_Gene_0155,expression
expression_Gene_0156,expression
expression_Gene_0157,expression
expression_Gene_0158,expression
expression_Gene_0159,expression
expression_Gene_0160,expression
expression_Gene_0161,expression
expression_Gene_0162,expression
expression_Gene_0163,expression
expression_Gene_0164,expression
expression_Gene_0165,expression
expression_Gene_0166,expression
expression_Gene_0167,expression
expression_Gene_0168,expression
expression_Gene_0169,expression
expression_Gene_0170,expression
expression_Gene_0171,expression
expression_Gene_0172,expression
expression_Gene_0173,expression
expression_Gene_0174,expression
expression_Gene_0175,expression
expression_Gene_0176,expression
expression_Gene_0177,expression
expression_Gene_0178,expression
expression_Gene_0179,expression
expression_Gene_0180,expression
expression_Gene_0181,expression
expression_Gene_0182,expression
expression_Gene_0183,expression
expression_Gene_0184,expression
expression_Gene_0185,expression
expression_Gene_0186,expression
expression_Gene_0187,expression
expression_Gene_0188,expression
expression_Gene_0189,expression
expression_Gene_0190,expression
expression_Gene_0191,expression
expression_Gene_0192,expression
expression_Gene_0193,expression
expression_Gene_0194,expression
expression_Gene_0195,expression
expression_Gene_0196,expression
expression_Gene_0197,expression
expression_Gene_0198,expression
expression_Gene_0199,expression
expression_Gene_0200,expression
expression_Gene_0201,expression
expression_Gene_0202,expression
expression_Gene_0203,expression
expression_Gene_0204,expression
expression_Gene_0205,expression
expression_Gene_0206,expression
expression_Gene_0207,expression
expression_Gene_0208,expression
expression_Gene_0209,expression
expression_Gene_0210,expression
expression_Gene_0211,expression
expression_Gene_0212,expression
expression_Gene_0213,expression
expression_Gene_0214,expression
expression_Gene_0215,expression
expression_Gene_0216,expression
expression_Gene_0217,expression
expression_Gene_0218,expression
expression_Gene_0219,expression
expression_Gene_0220,expression
expression_Gene_0221,expression
expression_Gene_0222,expression
expression_Gene_0223,expression
expression_Gene_0224,expression
expression_Gene_0225,expression
expression_Gene_0226,expression
expression_Gene_0227,expression
expression_Gene_0228,expression
expression_Gene_0229,expression
expression_Gene_0230,expression
expression_Gene_0231,expression
expression_Gene_0232,expression
expression_Gene_0233,expression
expression_Gene_0234,expression
expression_Gene_0235,expression
expression_Gene_0236,expression
expression_Gene_0237,expression
expression_Gene_0238,expression
expression_Gene_0239,expression
expression_Gene_0240,expression
expression_Gene_0241,expression
expression_Gene_0242,expression
expression_Gene_0243,expression
expression_Gene_0244,expression
expression_Gene_0245,expression
expression_Gene_0246,expression
expression_Gene_0247,expression
expression_Gene_0248,expression
expression_Gene_0249,expression
expression_Gene_0250,expression
expression_Gene_0251,expression
expression_Gene_0252,expression
expression_Gene_0253,expression
expression_Gene_0254,expression
expression_Gene_0255,expression
expression_Gene_0256,expression
expression_Gene_0257,expression
expression_Gene_0258,expression
expression_Gene_0259,expression
expression_Gene_0260,expression
expression_Gene_0261,expression
expression_Gene_0262,expression
expression_Gene_0263,expression
expression_Gene_0264,expression
expression_Gene_0265,expression
expression_Gene_0266,expression
expression_Gene_0267,expression
expression_Gene_0268,expression
expression_Gene_0269,expression
expression_Gene_0270,expression
expression_Gene_0271,expression
expression_Gene_0272,expression
expression_Gene_0273,expression
expression_Gene_0274,expression
expression_Gene_0275,expression
expression_Gene_0276,expression
expression_Gene_0277,expression
expression_Gene_0278,expression
expression_Gene_0279,expression
expression_Gene_0280,expression
expression_Gene_0281,expression
expression_Gene_0282,expression
expression_Gene_0283,expression
expression_Gene_0284,expression
expression_Gene_0285,expression
expression_Gene_0286,expression
expression_Gene_0287,expression
expression_Gene_0288,expression
expression_Gene_0289,expression
expression_Gene_0290,expression
expression_Gene_0291,expression
expression_Gene_0292,expression
expression_Gene_0293,expression
expression_Gene_0294,expression
expression_Gene_0295,expression
expression_Gene_0296,expression
expression_Gene_0297,expression
expression_Gene_0298,expression
expression_Gene_0299,expression
expression_Gene_0300,expression
expression_Gene_0301,expression
expression_Gene_0302,expression
expression_Gene_0303,expression
expression_Gene_0304,expression
expression_Gene_0305,expression
expression_Gene_0306,expression
expression_Gene_0307,expression
expression_Gene_0308,expression
expression_Gene_0309,expression
expression_Gene_0310,expression
expression_Gene_0311,expression
expression_Gene_0312,expression
expression_Gene_0313,expression
expression_Gene_0314,expression
expression_Gene_0315,expression
expression_Gene_0316,expression
expression_Gene_0317,expression
expression_Gene_0318,expression
expression_Gene_0319,expression
expression_Gene_0320,expression
expression_Gene_0321,expression
expression_Gene_0322,expression
expression_Gene_0323,expression
expression_Gene_0324,expression
expression_Gene_0325,expression
expression_Gene_0326,expression
expression_Gene_0327,expression
expression_Gene_0328,expression
expression_Gene_0329,expression
expression_Gene_0330,expression
expression_Gene_0331,expression
expression_Gene_0332,expression
expression_Gene_0333,expression
expression_Gene_0334,expression
expression_Gene_0335,expression
expression_Gene_0336,expression
expression_Gene_0337,expression
expression_Gene_0338,expression
expression_Gene_0339,expression
expression_Gene_0340,expression
expression_Gene_0341,expression
expression_Gene_0342,expression
expression_Gene_0343,expression
expression_Gene_0344,expression
expression_Gene_0345,expression
expression_Gene_0346,expression
expression_Gene_0347,expression
expression_Gene_0348,expression
expression_Gene_0349,expression
expression_Gene_0350,expression
expression_Gene_0351,expression
expression_Gene_0352,expression
expression_Gene_0353,expression
expression_Gene_0354,expression
expression_Gene_0355,expression
expression_Gene_0356,expression
expression_Gene_0357,expression
expression_Gene_0358,expression
expression_Gene_0359,expression
expression_Gene_0360,expression
expression_Gene_0361,expression
expression_Gene_0362,expression
expression_Gene_0363,expression
expression_Gene_0364,expression
expression_Gene_0365,expression
expression_Gene_0366,expression
expression_Gene_0367,expression
expression_Gene_0368,expression
expression_Gene_0369,expression
expression_Gene_0370,expression
expression_Gene_0371,expression
expression_Gene_0372,expression
expression_Gene_0373,expression
expression_Gene_0374,expression
expression_Gene_0375,expression
expression_Gene_0376,expression
expression_Gene_0377,expression
expression_Gene_0378,expression
expression_Gene_0379,expression
expression_Gene_0380,expression
expression_Gene_0381,expression
expression_Gene_0382,expression
expression_Gene_0383,expression
expression_Gene_0384,expression
expression_Gene_0385,expression
expression_Gene_0386,expression
expression_Gene_0387,expression
expression_Gene_0388,expression
expression_Gene_0389,expression
expression_Gene_0390,expression
expression_Gene_0391,expression
expression_Gene_0392,expression
expression_Gene_0393,expression
expression_Gene_0394,expression
expression_Gene_0395,expression
expression_Gene_0396,expression
expression_Gene_0397,expression
expression_Gene_0398,expression
expression_Gene_0399,expression
expression_Gene_0400,expression
expression_Gene_0401,expression
expression_Gene_0402,expression
expression_Gene_0403,expression
expression_Gene_0404,expression
expression_Gene_0405,expression
expression_Gene_0406,expression
expression_Gene_0407,expression
expression_Gene_0408,expression
expression_Gene_0409,expression
expression_Gene_0410,expression
expression_Gene_0411,expression
expression_Gene_0412,expression
expression_Gene_0413,expression
expression_Gene_0414,expression
expression_Gene_0415,expression
expression_Gene_0416,expression
expression_Gene_0417,expression
expression_Gene_0418,expression
expression_Gene_0419,expression
expression_Gene_0420,expression
expression_Gene_0421,expression
expression_Gene_0422,expression
expression_Gene_0423,expression
expression_Gene_0424,expression
expression_Gene_0425,expression
expression_Gene_0426,expression
expression_Gene_0427,expression
expression_Gene_0428,expression
expression_Gene_0429,expression
expression_Gene_0430,expression
expression_Gene_0431,expression
expression_Gene_0432,expression
expression_Gene_0433,expression
expression_Gene_0434,expression
expression_Gene_0435,expression
expression_Gene_0436,expression
expression_Gene_0437,expression
expression_Gene_0438,expression
expression_Gene_0439,expression
expression_Gene_0440,expression
expression_Gene_0441,expression
expression_Gene_0442,expression
expression_Gene_0443,expression
expression_Gene_0444,expression
expression_Gene_0445,expression
expression_Gene_0446,expression
expression_Gene_0447,expression
expression_Gene_0448,expression
expression_Gene_0449,expression
expression_Gene_0450,expression
expression_Gene_0451,expression
expression_Gene_0452,expression
expression_Gene_0453,expression
expression_Gene_0454,expression
expression_Gene_0455,expression
expression_Gene_0456,expression
expression_Gene_0457,expression
expression_Gene_0458,expression
expression_Gene_0459,expression
expression_Gene_0460,expression
expression_Gene_0461,expression
expression_Gene_0462,expression
expression_Gene_0463,expression
expression_Gene_0464,expression
expression_Gene_0465,expression
expression_Gene_0466,expression
expression_Gene_0467,expression
expression_Gene_0468,expression
expression_Gene_0469,expression
expression_Gene_0470,expression
expression_Gene_0471,expression
expression_Gene_0472,expression
expression_Gene_0473,expression
expression_Gene_0474,expression
expression_Gene_0475,expression
expression_Gene_0476,expression
expression_Gene_0477,expression
expression_Gene_0478,expression
expression_Gene_0479,expression
expression_Gene_0480,expression
expression_Gene_0481,expression
expression_Gene_0482,expression
expression_Gene_0483,expression
expression_Gene_0484,expression
expression_Gene_0485,expression
expression_Gene_0486,expression
expression_Gene_0487,expression
expression_Gene_0488,expression
expression_Gene_0489,expression
expression_Gene_0490,expression
expression_Gene_0491,expression
expression_Gene_0492,expression
expression_Gene_0493,expression
expression_Gene_0494,expression
expression_Gene_0495,expression
expression_Gene_0496,expression
expression_Gene_0497,expression
expression_Gene_0498,expression
expression_Gene_0499,expression
cnv_Gene_0000,cnv
cnv_Gene_0001,cnv
cnv_Gene_0002,cnv
cnv_Gene_0003,cnv
cnv_Gene_0004,cnv
cnv_Gene_0005,cnv
cnv_Gene_0006,cnv
cnv_Gene_0007,cnv
cnv_Gene_0008,cnv
cnv_Gene_0009,cnv
cnv_Gene_0010,cnv
cnv_Gene_0011,cnv
cnv_Gene_0012,cnv
cnv_Gene_0013,cnv
cnv_Gene_0014,cnv
cnv_Gene_0015,cnv
cnv_Gene_0016,cnv
cnv_Gene_0017,cnv
cnv_Gene_0018,cnv
cnv_Gene_0019,cnv
cnv_Gene_0020,cnv
cnv_Gene_0021,cnv
cnv_Gene_0022,cnv
cnv_Gene_0023,cnv
cnv_Gene_0024,cnv
cnv_Gene_0025,cnv
cnv_Gene_0026,cnv
cnv_Gene_0027,cnv
cnv_Gene_0028,cnv
cnv_Gene_0029,cnv
cnv_Gene_0030,cnv
cnv_Gene_0031,cnv
cnv_Gene_0032,cnv
cnv_Gene_0033,cnv
cnv_Gene_0034,cnv
cnv_Gene_0035,cnv
cnv_Gene_0036,cnv
cnv_Gene_0037,cnv
cnv_Gene_0038,cnv
cnv_Gene_0039,cnv
cnv_Gene_0040,cnv
cnv_Gene_0041,cnv
cnv_Gene_0042,cnv
cnv_Gene_0043,cnv
cnv_Gene_0044,cnv
cnv_Gene_0045,cnv
cnv_Gene_0046,cnv
cnv_Gene_0047,cnv
cnv_Gene_0048,cnv
cnv_Gene_0049,cnv
cnv_Gene_0050,cnv
cnv_Gene_0051,cnv
cnv_Gene_0052,cnv
cnv_Gene_0053,cnv
cnv_Gene_0054,cnv
cnv_Gene_0055,cnv
cnv_Gene_0056,cnv
cnv_Gene_0057,cnv
cnv_Gene_0058,cnv
cnv_Gene_0059,cnv
cnv_Gene_0060,cnv
cnv_Gene_0061,cnv
cnv_Gene_0062,cnv
cnv_Gene_0063,cnv
cnv_Gene_0064,cnv
cnv_Gene_0065,cnv
cnv_Gene_0066,cnv
cnv_Gene_0067,cnv
cnv_Gene_0068,cnv
cnv_Gene_0069,cnv
cnv_Gene_0070,cnv
cnv_Gene_0071,cnv
cnv_Gene_0072,cnv
cnv_Gene_0073,cnv
cnv_Gene_0074,cnv
cnv_Gene_0075,cnv
cnv_Gene_0076,cnv
cnv_Gene_0077,cnv
cnv_Gene_0078,cnv
cnv_Gene_0079,cnv
cnv_Gene_0080,cnv
cnv_Gene_0081,cnv
cnv_Gene_0082,cnv
cnv_Gene_0083,cnv
cnv_Gene_0084,cnv
cnv_Gene_0085,cnv
cnv_Gene_0086,cnv
cnv_Gene_0087,cnv
cnv_Gene_0088,cnv
cnv_Gene_0089,cnv
cnv_Gene_0090,cnv
cnv_Gene_0091,cnv
cnv_Gene_0092,cnv
cnv_Gene_0093,cnv
cnv_Gene_0094,cnv
cnv_Gene_0095,cnv
cnv_Gene_0096,cnv
cnv_Gene_0097,cnv
cnv_Gene_0098,cnv
cnv_Gene_0099,cnv
cnv_Gene_0100,cnv
cnv_Gene_0101,cnv
cnv_Gene_0102,cnv
cnv_Gene_0103,cnv
cnv_Gene_0104,cnv
cnv_Gene_0105,cnv
cnv_Gene_0106,cnv
cnv_Gene_0107,cnv
cnv_Gene_0108,cnv
cnv_Gene_0109,cnv
cnv_Gene_0110,cnv
cnv_Gene_0111,cnv
cnv_Gene_0112,cnv
cnv_Gene_0113,cnv
cnv_Gene_0114,cnv
cnv_Gene_0115,cnv
cnv_Gene_0116,cnv
cnv_Gene_0117,cnv
cnv_Gene_0118,cnv
cnv_Gene_0119,cnv
cnv_Gene_0120,cnv
cnv_Gene_0121,cnv
cnv_Gene_0122,cnv
cnv_Gene_0123,cnv
cnv_Gene_0124,cnv
cnv_Gene_0125,cnv
cnv_Gene_0126,cnv
cnv_Gene_0127,cnv
cnv_Gene_0128,cnv
cnv_Gene_0129,cnv
cnv_Gene_0130,cnv
cnv_Gene_0131,cnv
cnv_Gene_0132,cnv
cnv_Gene_0133,cnv
cnv_Gene_0134,cnv
cnv_Gene_0135,cnv
cnv_Gene_0136,cnv
cnv_Gene_0137,cnv
cnv_Gene_0138,cnv
cnv_Gene_0139,cnv
cnv_Gene_0140,cnv
cnv_Gene_0141,cnv
cnv_Gene_0142,cnv
cnv_Gene_0143,cnv
cnv_Gene_0144,cnv
cnv_Gene_0145,cnv
cnv_Gene_0146,cnv
cnv_Gene_0147,cnv
cnv_Gene_0148,cnv
cnv_Gene_0149,cnv
cnv_Gene_0150,cnv
cnv_Gene_0151,cnv
cnv_Gene_0152,cnv
cnv_Gene_0153,cnv
cnv_Gene_0154,cnv
cnv_Gene_0155,cnv
cnv_Gene_0156,cnv
cnv_Gene_0157,cnv
cnv_Gene_0158,cnv
cnv_Gene_0159,cnv
cnv_Gene_0160,cnv
cnv_Gene_0161,cnv
cnv_Gene_0162,cnv
cnv_Gene_0163,cnv
cnv_Gene_0164,cnv
cnv_Gene_0165,cnv
cnv_Gene_0166,cnv
cnv_Gene_0167,cnv
cnv_Gene_0168,cnv
cnv_Gene_0169,cnv
cnv_Gene_0170,cnv
cnv_Gene_0171,cnv
cnv_Gene_0172,cnv
cnv_Gene_0173,cnv
cnv_Gene_0174,cnv
cnv_Gene_0175,cnv
cnv_Gene_0176,cnv
cnv_Gene_0177,cnv
cnv_Gene_0178,cnv
cnv_Gene_0179,cnv
cnv_Gene_0180,cnv
cnv_Gene_0181,cnv
cnv_Gene_0182,cnv
cnv_Gene_0183,cnv
cnv_Gene_0184,cnv
cnv_Gene_0185,cnv
cnv_Gene_0186,cnv
cnv_Gene_0187,cnv
cnv_Gene_0188,cnv
cnv_Gene_0189,cnv
cnv_Gene_0190,cnv
cnv_Gene_0191,cnv
cnv_Gene_0192,cnv
cnv_Gene_0193,cnv
cnv_Gene_0194,cnv
cnv_Gene_0195,cnv
cnv_Gene_0196,cnv
cnv_Gene_0197,cnv
cnv_Gene_0198,cnv
cnv_Gene_0199,cnv
cnv_Gene_0200,cnv
cnv_Gene_0201,cnv
cnv_Gene_0202,cnv
cnv_Gene_0203,cnv
cnv_Gene_0204,cnv
cnv_Gene_0205,cnv
cnv_Gene_0206,cnv
cnv_Gene_0207,cnv
cnv_Gene_0208,cnv
cnv_Gene_0209,cnv
cnv_Gene_0210,cnv
cnv_Gene_0211,cnv
cnv_Gene_0212,cnv
cnv_Gene_0213,cnv
cnv_Gene_0214,cnv
cnv_Gene_0215,cnv
cnv_Gene_0216,cnv
cnv_Gene_0217,cnv
cnv_Gene_0218,cnv
cnv_Gene_0219,cnv
cnv_Gene_0220,cnv
cnv_Gene_0221,cnv
cnv_Gene_0222,cnv
cnv_Gene_0223,cnv
cnv_Gene_0224,cnv
cnv_Gene_0225,cnv
cnv_Gene_0226,cnv
cnv_Gene_0227,cnv
cnv_Gene_0228,cnv
cnv_Gene_0229,cnv
cnv_Gene_0230,cnv
cnv_Gene_0231,cnv
cnv_Gene_0232,cnv
cnv_Gene_0233,cnv
cnv_Gene_0234,cnv
cnv_Gene_0235,cnv
cnv_Gene_0236,cnv
cnv_Gene_0237,cnv
cnv_Gene_0238,cnv
cnv_Gene_0239,cnv
cnv_Gene_0240,cnv
cnv_Gene_0241,cnv
cnv_Gene_0242,cnv
cnv_Gene_0243,cnv
cnv_Gene_0244,cnv
cnv_Gene_0245,cnv
cnv_Gene_0246,cnv
cnv_Gene_0247,cnv
cnv_Gene_0248,cnv
cnv_Gene_0249,cnv
cnv_Gene_0250,cnv
cnv_Gene_0251,cnv
cnv_Gene_0252,cnv
cnv_Gene_0253,cnv
cnv_Gene_0254,cnv
cnv_Gene_0255,cnv
cnv_Gene_0256,cnv
cnv_Gene_0257,cnv
cnv_Gene_0258,cnv
cnv_Gene_0259,cnv
cnv_Gene_0260,cnv
cnv_Gene_0261,cnv
cnv_Gene_0262,cnv
cnv_Gene_0263,cnv
cnv_Gene_0264,cnv
cnv_Gene_0265,cnv
cnv_Gene_0266,cnv
cnv_Gene_0267,cnv
cnv_Gene_0268,cnv
cnv_Gene_0269,cnv
cnv_Gene_0270,cnv
cnv_Gene_0271,cnv
cnv_Gene_0272,cnv
cnv_Gene_0273,cnv
cnv_Gene_0274,cnv
cnv_Gene_0275,cnv
cnv_Gene_0276,cnv
cnv_Gene_0277,cnv
cnv_Gene_0278,cnv
cnv_Gene_0279,cnv
cnv_Gene_0280,cnv
cnv_Gene_0281,cnv
cnv_Gene_0282,cnv
cnv_Gene_0283,cnv
cnv_Gene_0284,cnv
cnv_Gene_0285,cnv
cnv_Gene_0286,cnv
cnv_Gene_0287,cnv
cnv_Gene_0288,cnv
cnv_Gene_0289,cnv
cnv_Gene_0290,cnv
cnv_Gene_0291,cnv
cnv_Gene_0292,cnv
cnv_Gene_0293,cnv
cnv_Gene_0294,cnv
cnv_Gene_0295,cnv
cnv_Gene_0296,cnv
cnv_Gene_0297,cnv
cnv_Gene_0298,cnv
cnv_Gene_0299,cnv
cnv_Gene_0300,cnv
cnv_Gene_0301,cnv
cnv_Gene_0302,cnv
cnv_Gene_0303,cnv
cnv_Gene_0304,cnv
cnv_Gene_0305,cnv
cnv_Gene_0306,cnv
cnv_Gene_0307,cnv
cnv_Gene_0308,cnv
cnv_Gene_0309,cnv
cnv_Gene_0310,cnv
cnv_Gene_0311,cnv
cnv_Gene_0312,cnv
cnv_Gene_0313,cnv
cnv_Gene_0314,cnv
cnv_Gene_0315,cnv
cnv_Gene_0316,cnv
cnv_Gene_0317,cnv
cnv_Gene_0318,cnv
cnv_Gene_0319,cnv
cnv_Gene_0320,cnv
cnv_Gene_0321,cnv
cnv_Gene_0322,cnv
cnv_Gene_0323,cnv
cnv_Gene_0324,cnv
cnv_Gene_0325,cnv
cnv_Gene_0326,cnv
cnv_Gene_0327,cnv
cnv_Gene_0328,cnv
cnv_Gene_0329,cnv
cnv_Gene_0330,cnv
cnv_Gene_0331,cnv
cnv_Gene_0332,cnv
cnv_Gene_0333,cnv
cnv_Gene_0334,cnv
cnv_Gene_0335,cnv
cnv_Gene_0336,cnv
cnv_Gene_0337,cnv
cnv_Gene_0338,cnv
cnv_Gene_0339,cnv
cnv_Gene_0340,cnv
cnv_Gene_0341,cnv
cnv_Gene_0342,cnv
cnv_Gene_0343,cnv
cnv_Gene_0344,cnv
cnv_Gene_0345,cnv
cnv_Gene_0346,cnv
cnv_Gene_0347,cnv
cnv_Gene_0348,cnv
cnv_Gene_0349,cnv
cnv_Gene_0350,cnv
cnv_Gene_0351,cnv
cnv_Gene_0352,cnv
cnv_Gene_0353,cnv
cnv_Gene_0354,cnv
cnv_Gene_0355,cnv
cnv_Gene_0356,cnv
cnv_Gene_0357,cnv
cnv_Gene_0358,cnv
cnv_Gene_0359,cnv
cnv_Gene_0360,cnv
cnv_Gene_0361,cnv
cnv_Gene_0362,cnv
cnv_Gene_0363,cnv
cnv_Gene_0364,cnv
cnv_Gene_0365,cnv
cnv_Gene_0366,cnv
cnv_Gene_0367,cnv
cnv_Gene_0368,cnv
cnv_Gene_0369,cnv
cnv_Gene_0370,cnv
cnv_Gene_0371,cnv
cnv_Gene_0372,cnv
cnv_Gene_0373,cnv
cnv_Gene_0374,cnv
cnv_Gene_0375,cnv
cnv_Gene_0376,cnv
cnv_Gene_0377,cnv
cnv_Gene_0378,cnv
cnv_Gene_0379,cnv
cnv_Gene_0380,cnv
cnv_Gene_0381,cnv
cnv_Gene_0382,cnv
cnv_Gene_0383,cnv
cnv_Gene_0384,cnv
cnv_Gene_0385,cnv
cnv_Gene_0386,cnv
cnv_Gene_0387,cnv
cnv_Gene_0388,cnv
cnv_Gene_0389,cnv
cnv_Gene_0390,cnv
cnv_Gene_0391,cnv
cnv_Gene_0392,cnv
cnv_Gene_0393,cnv
cnv_Gene_0394,cnv
cnv_Gene_0395,cnv
cnv_Gene_0396,cnv
cnv_Gene_0397,cnv
cnv_Gene_0398,cnv
cnv_Gene_0399,cnv
cnv_Gene_0400,cnv
cnv_Gene_0401,cnv
cnv_Gene_0402,cnv
cnv_Gene_0403,cnv
cnv_Gene_0404,cnv
cnv_Gene_0405,cnv
cnv_Gene_0406,cnv
cnv_Gene_0407,cnv
cnv_Gene_0408,cnv
cnv_Gene_0409,cnv
cnv_Gene_0410,cnv
cnv_Gene_0411,cnv
cnv_Gene_0412,cnv
cnv_Gene_0413,cnv
cnv_Gene_0414,cnv
cnv_Gene_0415,cnv
cnv_Gene_0416,cnv
cnv_Gene_0417,cnv
cnv_Gene_0418,cnv
cnv_Gene_0419,cnv
cnv_Gene_0420,cnv
cnv_Gene_0421,cnv
cnv_Gene_0422,cnv
cnv_Gene_0423,cnv
cnv_Gene_0424,cnv
cnv_Gene_0425,cnv
cnv_Gene_0426,cnv
cnv_Gene_0427,cnv
cnv_Gene_0428,cnv
cnv_Gene_0429,cnv
cnv_Gene_0430,cnv
cnv_Gene_0431,cnv
cnv_Gene_0432,cnv
cnv_Gene_0433,cnv
cnv_Gene_0434,cnv
cnv_Gene_0435,cnv
cnv_Gene_0436,cnv
cnv_Gene_0437,cnv
cnv_Gene_0438,cnv
cnv_Gene_0439,cnv
cnv_Gene_0440,cnv
cnv_Gene_0441,cnv
cnv_Gene_0442,cnv
cnv_Gene_0443,cnv
cnv_Gene_0444,cnv
cnv_Gene_0445,cnv
cnv_Gene_0446,cnv
cnv_Gene_0447,cnv
cnv_Gene_0448,cnv
cnv_Gene_0449,cnv
cnv_Gene_0450,cnv
cnv_Gene_0451,cnv
cnv_Gene_0452,cnv
cnv_Gene_0453,cnv
cnv_Gene_0454,cnv
cnv_Gene_0455,cnv
cnv_Gene_0456,cnv
cnv_Gene_0457,cnv
cnv_Gene_0458,cnv
cnv_Gene_0459,cnv
cnv_Gene_0460,cnv
cnv_Gene_0461,cnv
cnv_Gene_0462,cnv
cnv_Gene_0463,cnv
cnv_Gene_0464,cnv
cnv_Gene_0465,cnv
cnv_Gene_0466,cnv
cnv_Gene_0467,cnv
cnv_Gene_0468,cnv
cnv_Gene_0469,cnv
cnv_Gene_0470,cnv
cnv_Gene_0471,cnv
cnv_Gene_0472,cnv
cnv_Gene_0473,cnv
cnv_Gene_0474,cnv
cnv_Gene_0475,cnv
cnv_Gene_0476,cnv
cnv_Gene_0477,cnv
cnv_Gene_0478,cnv
cnv_Gene_0479,cnv
cnv_Gene_0480,cnv
cnv_Gene_0481,cnv
cnv_Gene_0482,cnv
cnv_Gene_0483,cnv
cnv_Gene_0484,cnv
cnv_Gene_0485,cnv
cnv_Gene_0486,cnv
cnv_Gene_0487,cnv
cnv_Gene_0488,cnv
cnv_Gene_0489,cnv
cnv_Gene_0490,cnv
cnv_Gene_0491,cnv
cnv_Gene_0492,cnv
cnv_Gene_0493,cnv
cnv_Gene_0494,cnv
cnv_Gene_0495,cnv
cnv_Gene_0496,cnv
cnv_Gene_0497,cnv
cnv_Gene_0498,cnv
cnv_Gene_0499,cnv
mutation_Gene_0000,mutation
mutation_Gene_0001,mutation
mutation_Gene_0002,mutation
mutation_Gene_0003,mutation
mutation_Gene_0004,mutation
mutation_Gene_0005,mutation
mutation_Gene_0006,mutation
mutation_Gene_0007,mutation
mutation_Gene_0008,mutation
mutation_Gene_0009,mutation
mutation_Gene_0010,mutation
mutation_Gene_0011,mutation
mutation_Gene_0012,mutation
mutation_Gene_0013,mutation
mutation_Gene_0014,mutation
mutation_Gene_0015,mutation
mutation_Gene_0016,mutation
mutation_Gene_0017,mutation
mutation_Gene_0018,mutation
mutation_Gene_0019,mutation
mutation_Gene_0020,mutation
mutation_Gene_0021,mutation
mutation_Gene_0022,mutation
mutation_Gene_0023,mutation
mutation_Gene_0024,mutation
mutation_Gene_0025,mutation
mutation_Gene_0026,mutation
mutation_Gene_0027,mutation
mutation_Gene_0028,mutation
mutation_Gene_0029,mutation
mutation_Gene_0030,mutation
mutation_Gene_0031,mutation
mutation_Gene_0032,mutation
mutation_Gene_0033,mutation
mutation_Gene_0034,mutation
mutation_Gene_0035,mutation
mutation_Gene_0036,mutation
mutation_Gene_0037,mutation
mutation_Gene_0038,mutation
mutation_Gene_0039,mutation
mutation_Gene_0040,mutation
mutation_Gene_0041,mutation
mutation_Gene_0042,mutation
mutation_Gene_0043,mutation
mutation_Gene_0044,mutation
mutation_Gene_0045,mutation
mutation_Gene_0046,mutation
mutation_Gene_0047,mutation
mutation_Gene_0048,mutation
mutation_Gene_0049,mutation
mutation_Gene_0050,mutation
mutation_Gene_0051,mutation
mutation_Gene_0052,mutation
mutation_Gene_0053,mutation
mutation_Gene_0054,mutation
mutation_Gene_0055,mutation
mutation_Gene_0056,mutation
mutation_Gene_0057,mutation
mutation_Gene_0058,mutation
mutation_Gene_0059,mutation
mutation_Gene_0060,mutation
mutation_Gene_0061,mutation
mutation_Gene_0062,mutation
mutation_Gene_0063,mutation
mutation_Gene_0064,mutation
mutation_Gene_0065,mutation
mutation_Gene_0066,mutation
mutation_Gene_0067,mutation
mutation_Gene_0068,mutation
mutation_Gene_0069,mutation
mutation_Gene_0070,mutation
mutation_Gene_0071,mutation
mutation_Gene_0072,mutation
mutation_Gene_0073,mutation
mutation_Gene_0074,mutation
mutation_Gene_0075,mutation
mutation_Gene_0076,mutation
mutation_Gene_0077,mutation
mutation_Gene_0078,mutation
mutation_Gene_0079,mutation
mutation_Gene_0080,mutation
mutation_Gene_0081,mutation
mutation_Gene_0082,mutation
mutation_Gene_0083,mutation
mutation_Gene_0084,mutation
mutation_Gene_0085,mutation
mutation_Gene_0086,mutation
mutation_Gene_0087,mutation
mutation_Gene_0088,mutation
mutation_Gene_0089,mutation
mutation_Gene_0090,mutation
mutation_Gene_0091,mutation
mutation_Gene_0092,mutation
mutation_Gene_0093,mutation
mutation_Gene_0094,mutation
mutation_Gene_0095,mutation
mutation_Gene_0096,mutation
mutation_Gene_0097,mutation
mutation_Gene_0098,mutation
mutation_Gene_0099,mutation
mutation_Gene_0100,mutation
mutation_Gene_0101,mutation
mutation_Gene_0102,mutation
mutation_Gene_0103,mutation
mutation_Gene_0104,mutation
mutation_Gene_0105,mutation
mutation_Gene_0106,mutation
mutation_Gene_0107,mutation
mutation_Gene_0108,mutation
mutation_Gene_0109,mutation
mutation_Gene_0110,mutation
mutation_Gene_0111,mutation
mutation_Gene_0112,mutation
mutation_Gene_0113,mutation
mutation_Gene_0114,mutation
mutation_Gene_0115,mutation
mutation_Gene_0116,mutation
mutation_Gene_0117,mutation
mutation_Gene_0118,mutation
mutation_Gene_0119,mutation
mutation_Gene_0120,mutation
mutation_Gene_0121,mutation
mutation_Gene_0122,mutation
mutation_Gene_0123,mutation
mutation_Gene_0124,mutation
mutation_Gene_0125,mutation
mutation_Gene_0126,mutation
mutation_Gene_0127,mutation
mutation_Gene_0128,mutation
mutation_Gene_0129,mutation
mutation_Gene_0130,mutation
mutation_Gene_0131,mutation
mutation_Gene_0132,mutation
mutation_Gene_0133,mutation
mutation_Gene_0134,mutation
mutation_Gene_0135,mutation
mutation_Gene_0136,mutation
mutation_Gene_0137,mutation
mutation_Gene_0138,mutation
mutation_Gene_0139,mutation
mutation_Gene_0140,mutation
mutation_Gene_0141,mutation
mutation_Gene_0142,mutation
mutation_Gene_0143,mutation
mutation_Gene_0144,mutation
mutation_Gene_0145,mutation
mutation_Gene_0146,mutation
mutation_Gene_0147,mutation
mutation_Gene_0148,mutation
mutation_Gene_0149,mutation
mutation_Gene_0150,mutation
mutation_Gene_0151,mutation
mutation_Gene_0152,mutation
mutation_Gene_0153,mutation
mutation_Gene_0154,mutation
mutation_Gene_0155,mutation
mutation_Gene_0156,mutation
mutation_Gene_0157,mutation
mutation_Gene_0158,mutation
mutation_Gene_0159,mutation
mutation_Gene_0160,mutation
mutation_Gene_0161,mutation
mutation_Gene_0162,mutation
mutation_Gene_0163,mutation
mutation_Gene_0164,mutation
mutation_Gene_0165,mutation
mutation_Gene_0166,mutation
mutation_Gene_0167,mutation
mutation_Gene_0168,mutation
mutation_Gene_0169,mutation
mutation_Gene_0170,mutation
mutation_Gene_0171,mutation
mutation_Gene_0172,mutation
mutation_Gene_0173,mutation
mutation_Gene_0174,mutation
mutation_Gene_0175,mutation
mutation_Gene_0176,mutation
mutation_Gene_0177,mutation
mutation_Gene_0178,mutation
mutation_Gene_0179,mutation
mutation_Gene_0180,mutation
mutation_Gene_0181,mutation
mutation_Gene_0182,mutation
mutation_Gene_0183,mutation
mutation_Gene_0184,mutation
mutation_Gene_0185,mutation
mutation_Gene_0186,mutation
mutation_Gene_0187,mutation
mutation_Gene_0188,mutation
mutation_Gene_0189,mutation
mutation_Gene_0190,mutation
mutation_Gene_0191,mutation
mutation_Gene_0192,mutation
mutation_Gene_0193,mutation
mutation_Gene_0194,mutation
mutation_Gene_0195,mutation
mutation_Gene_0196,mutation
mutation_Gene_0197,mutation
mutation_Gene_0198,mutation
mutation_Gene_0199,mutation
mutation_Gene_0200,mutation
mutation_Gene_0201,mutation
mutation_Gene_0202,mutation
mutation_Gene_0203,mutation
mutation_Gene_0204,mutation
mutation_Gene_0205,mutation
mutation_Gene_0206,mutation
mutation_Gene_0207,mutation
mutation_Gene_0208,mutation
mutation_Gene_0209,mutation
mutation_Gene_0210,mutation
mutation_Gene_0211,mutation
mutation_Gene_0212,mutation
mutation_Gene_0213,mutation
mutation_Gene_0214,mutation
mutation_Gene_0215,mutation
mutation_Gene_0216,mutation
mutation_Gene_0217,mutation
mutation_Gene_0218,mutation
mutation_Gene_0219,mutation
mutation_Gene_0220,mutation
mutation_Gene_0221,mutation
mutation_Gene_0222,mutation
mutation_Gene_0223,mutation
mutation_Gene_0224,mutation
mutation_Gene_0225,mutation
mutation_Gene_0226,mutation
mutation_Gene_0227,mutation
mutation_Gene_0228,mutation
mutation_Gene_0229,mutation
mutation_Gene_0230,mutation
mutation_Gene_0231,mutation
mutation_Gene_0232,mutation
mutation_Gene_0233,mutation
mutation_Gene_0234,mutation
mutation_Gene_0235,mutation
mutation_Gene_0236,mutation
mutation_Gene_0237,mutation
mutation_Gene_0238,mutation
mutation_Gene_0239,mutation
mutation_Gene_0240,mutation
mutation_Gene_0241,mutation
mutation_Gene_0242,mutation
mutation_Gene_0243,mutation
mutation_Gene_0244,mutation
mutation_Gene_0245,mutation
mutation_Gene_0246,mutation
mutation_Gene_0247,mutation
mutation_Gene_0248,mutation
mutation_Gene_0249,mutation
mutation_Gene_0250,mutation
mutation_Gene_0251,mutation
mutation_Gene_0252,mutation
mutation_Gene_0253,mutation
mutation_Gene_0254,mutation
mutation_Gene_0255,mutation
mutation_Gene_0256,mutation
mutation_Gene_0257,mutation
mutation_Gene_0258,mutation
mutation_Gene_0259,mutation
mutation_Gene_0260,mutation
mutation_Gene_0261,mutation
mutation_Gene_0262,mutation
mutation_Gene_0263,mutation
mutation_Gene_0264,mutation
mutation_Gene_0265,mutation
mutation_Gene_0266,mutation
mutation_Gene_0267,mutation
mutation_Gene_0268,mutation
mutation_Gene_0269,mutation
mutation_Gene_0270,mutation
mutation_Gene_0271,mutation
mutation_Gene_0272,mutation
mutation_Gene_0273,mutation
mutation_Gene_0274,mutation
mutation_Gene_0275,mutation
mutation_Gene_0276,mutation
mutation_Gene_0277,mutation
mutation_Gene_0278,mutation
mutation_Gene_0279,mutation
mutation_Gene_0280,mutation
mutation_Gene_0281,mutation
mutation_Gene_0282,mutation
mutation_Gene_0283,mutation
mutation_Gene_0284,mutation
mutation_Gene_0285,mutation
mutation_Gene_0286,mutation
mutation_Gene_0287,mutation
mutation_Gene_0288,mutation
mutation_Gene_0289,mutation
mutation_Gene_0290,mutation
mutation_Gene_0291,mutation
mutation_Gene_0292,mutation
mutation_Gene_0293,mutation
mutation_Gene_0294,mutation
mutation_Gene_0295,mutation
mutation_Gene_0296,mutation
mutation_Gene_0297,mutation
mutation_Gene_0298,mutation
mutation_Gene_0299,mutation
mutation_Gene_0300,mutation
mutation_Gene_0301,mutation
mutation_Gene_0302,mutation
mutation_Gene_0303,mutation
mutation_Gene_0304,mutation
mutation_Gene_0305,mutation
mutation_Gene_0306,mutation
mutation_Gene_0307,mutation
mutation_Gene_0308,mutation
mutation_Gene_0309,mutation
mutation_Gene_0310,mutation
mutation_Gene_0311,mutation
mutation_Gene_0312,mutation
mutation_Gene_0313,mutation
mutation_Gene_0314,mutation
mutation_Gene_0315,mutation
mutation_Gene_0316,mutation
mutation_Gene_0317,mutation
mutation_Gene_0318,mutation
mutation_Gene_0319,mutation
mutation_Gene_0320,mutation
mutation_Gene_0321,mutation
mutation_Gene_0322,mutation
mutation_Gene_0323,mutation
mutation_Gene_0324,mutation
mutation_Gene_0325,mutation
mutation_Gene_0326,mutation
mutation_Gene_0327,mutation
mutation_Gene_0328,mutation
mutation_Gene_0329,mutation
mutation_Gene_0330,mutation
mutation_Gene_0331,mutation
mutation_Gene_0332,mutation
mutation_Gene_0333,mutation
mutation_Gene_0334,mutation
mutation_Gene_0335,mutation
mutation_Gene_0336,mutation
mutation_Gene_0337,mutation
mutation_Gene_0338,mutation
mutation_Gene_0339,mutation
mutation_Gene_0340,mutation
mutation_Gene_0341,mutation
mutation_Gene_0342,mutation
mutation_Gene_0343,mutation
mutation_Gene_0344,mutation
mutation_Gene_0345,mutation
mutation_Gene_0346,mutation
mutation_Gene_0347,mutation
mutation_Gene_0348,mutation
mutation_Gene_0349,mutation
mutation_Gene_0350,mutation
mutation_Gene_0351,mutation
mutation_Gene_0352,mutation
mutation_Gene_0353,mutation
mutation_Gene_0354,mutation
mutation_Gene_0355,mutation
mutation_Gene_0356,mutation
mutation_Gene_0357,mutation
mutation_Gene_0358,mutation
mutation_Gene_0359,mutation
mutation_Gene_0360,mutation
mutation_Gene_0361,mutation
mutation_Gene_0362,mutation
mutation_Gene_0363,mutation
mutation_Gene_0364,mutation
mutation_Gene_0365,mutation
mutation_Gene_0366,mutation
mutation_Gene_0367,mutation
mutation_Gene_0368,mutation
mutation_Gene_0369,mutation
mutation_Gene_0370,mutation
mutation_Gene_0371,mutation
mutation_Gene_0372,mutation
mutation_Gene_0373,mutation
mutation_Gene_0374,mutation
mutation_Gene_0375,mutation
mutation_Gene_0376,mutation
mutation_Gene_0377,mutation
mutation_Gene_0378,mutation
mutation_Gene_0379,mutation
mutation_Gene_0380,mutation
mutation_Gene_0381,mutation
mutation_Gene_0382,mutation
mutation_Gene_0383,mutation
mutation_Gene_0384,mutation
mutation_Gene_0385,mutation
mutation_Gene_0386,mutation
mutation_Gene_0387,mutation
mutation_Gene_0388,mutation
mutation_Gene_0389,mutation
mutation_Gene_0390,mutation
mutation_Gene_0391,mutation
mutation_Gene_0392,mutation
mutation_Gene_0393,mutation
mutation_Gene_0394,mutation
mutation_Gene_0395,mutation
mutation_Gene_0396,mutation
mutation_Gene_0397,mutation
mutation_Gene_0398,mutation
mutation_Gene_0399,mutation
mutation_Gene_0400,mutation
mutation_Gene_0401,mutation
mutation_Gene_0402,mutation
mutation_Gene_0403,mutation
mutation_Gene_0404,mutation
mutation_Gene_0405,mutation
mutation_Gene_0406,mutation
mutation_Gene_0407,mutation
mutation_Gene_0408,mutation
mutation_Gene_0409,mutation
mutation_Gene_0410,mutation
mutation_Gene_0411,mutation
mutation_Gene_0412,mutation
mutation_Gene_0413,mutation
mutation_Gene_0414,mutation
mutation_Gene_0415,mutation
mutation_Gene_0416,mutation
mutation_Gene_0417,mutation
mutation_Gene_0418,mutation
mutation_Gene_0419,mutation
mutation_Gene_0420,mutation
mutation_Gene_0421,mutation
mutation_Gene_0422,mutation
mutation_Gene_0423,mutation
mutation_Gene_0424,mutation
mutation_Gene_0425,mutation
mutation_Gene_0426,mutation
mutation_Gene_0427,mutation
mutation_Gene_0428,mutation
mutation_Gene_0429,mutation
mutation_Gene_0430,mutation
mutation_Gene_0431,mutation
mutation_Gene_0432,mutation
mutation_Gene_0433,mutation
mutation_Gene_0434,mutation
mutation_Gene_0435,mutation
mutation_Gene_0436,mutation
mutation_Gene_0437,mutation
mutation_Gene_0438,mutation
mutation_Gene_0439,mutation
mutation_Gene_0440,mutation
mutation_Gene_0441,mutation
mutation_Gene_0442,mutation
mutation_Gene_0443,mutation
mutation_Gene_0444,mutation
mutation_Gene_0445,mutation
mutation_Gene_0446,mutation
mutation_Gene_0447,mutation
mutation_Gene_0448,mutation
mutation_Gene_0449,mutation
mutation_Gene_0450,mutation
mutation_Gene_0451,mutation
mutation_Gene_0452,mutation
mutation_Gene_0453,mutation
mutation_Gene_0454,mutation
mutation_Gene_0455,mutation
mutation_Gene_0456,mutation
mutation_Gene_0457,mutation
mutation_Gene_0458,mutation
mutation_Gene_0459,mutation
mutation_Gene_0460,mutation
mutation_Gene_0461,mutation
mutation_Gene_0462,mutation
mutation_Gene_0463,mutation
mutation_Gene_0464,mutation
mutation_Gene_0465,mutation
mutation_Gene_0466,mutation
mutation_Gene_0467,mutation
mutation_Gene_0468,mutation
mutation_Gene_0469,mutation
mutation_Gene_0470,mutation
mutation_Gene_0471,mutation
mutation_Gene_0472,mutation
mutation_Gene_0473,mutation
mutation_Gene_0474,mutation
mutation_Gene_0475,mutation
mutation_Gene_0476,mutation
mutation_Gene_0477,mutation
mutation_Gene_0478,mutation
mutation_Gene_0479,mutation
mutation_Gene_0480,mutation
mutation_Gene_0481,mutation
mutation_Gene_0482,mutation
mutation_Gene_0483,mutation
mutation_Gene_0484,mutation
mutation_Gene_0485,mutation
mutation_Gene_0486,mutation
mutation_Gene_0487,mutation
mutation_Gene_0488,mutation
mutation_Gene_0489,mutation
mutation_Gene_0490,mutation
mutation_Gene_0491,mutation
mutation_Gene_0492,mutation
mutation_Gene_0493,mutation
mutation_Gene_0494,mutation
mutation_Gene_0495,mutation
mutation_Gene_0496,mutation
mutation_Gene_0497,mutation
mutation_Gene_0498,mutation
mutation_Gene_0499,mutation
methylation_Gene_0000,methylation
methylation_Gene_0001,methylation
methylation_Gene_0002,methylation
methylation_Gene_0003,methylation
methylation_Gene_0004,methylation
methylation_Gene_0005,methylation
methylation_Gene_0006,methylation
methylation_Gene_0007,methylation
methylation_Gene_0008,methylation
methylation_Gene_0009,methylation
methylation_Gene_0010,methylation
methylation_Gene_0011,methylation
methylation_Gene_0012,methylation
methylation_Gene_0013,methylation
methylation_Gene_0014,methylation
methylation_Gene_0015,methylation
methylation_Gene_0016,methylation
methylation_Gene_0017,methylation
methylation_Gene_0018,methylation
methylation_Gene_0019,methylation
methylation_Gene_0020,methylation
methylation_Gene_0021,methylation
methylation_Gene_0022,methylation
methylation_Gene_0023,methylation
methylation_Gene_0024,methylation
methylation_Gene_0025,methylation
methylation_Gene_0026,methylation
methylation_Gene_0027,methylation
methylation_Gene_0028,methylation
methylation_Gene_0029,methylation
methylation_Gene_0030,methylation
methylation_Gene_0031,methylation
methylation_Gene_0032,methylation
methylation_Gene_0033,methylation
methylation_Gene_0034,methylation
methylation_Gene_0035,methylation
methylation_Gene_0036,methylation
methylation_Gene_0037,methylation
methylation_Gene_0038,methylation
methylation_Gene_0039,methylation
methylation_Gene_0040,methylation
methylation_Gene_0041,methylation
methylation_Gene_0042,methylation
methylation_Gene_0043,methylation
methylation_Gene_0044,methylation
methylation_Gene_0045,methylation
methylation_Gene_0046,methylation
methylation_Gene_0047,methylation
methylation_Gene_0048,methylation
methylation_Gene_0049,methylation
methylation_Gene_0050,methylation
methylation_Gene_0051,methylation
methylation_Gene_0052,methylation
methylation_Gene_0053,methylation
methylation_Gene_0054,methylation
methylation_Gene_0055,methylation
methylation_Gene_0056,methylation
methylation_Gene_0057,methylation
methylation_Gene_0058,methylation
methylation_Gene_0059,methylation
methylation_Gene_0060,methylation
methylation_Gene_0061,methylation
methylation_Gene_0062,methylation
methylation_Gene_0063,methylation
methylation_Gene_0064,methylation
methylation_Gene_0065,methylation
methylation_Gene_0066,methylation
methylation_Gene_0067,methylation
methylation_Gene_0068,methylation
methylation_Gene_0069,methylation
methylation_Gene_0070,methylation
methylation_Gene_0071,methylation
methylation_Gene_0072,methylation
methylation_Gene_0073,methylation
methylation_Gene_0074,methylation
methylation_Gene_0075,methylation
methylation_Gene_0076,methylation
methylation_Gene_0077,methylation
methylation_Gene_0078,methylation
methylation_Gene_0079,methylation
methylation_Gene_0080,methylation
methylation_Gene_0081,methylation
methylation_Gene_0082,methylation
methylation_Gene_0083,methylation
methylation_Gene_0084,methylation
methylation_Gene_0085,methylation
methylation_Gene_0086,methylation
methylation_Gene_0087,methylation
methylation_Gene_0088,methylation
methylation_Gene_0089,methylation
methylation_Gene_0090,methylation
methylation_Gene_0091,methylation
methylation_Gene_0092,methylation
methylation_Gene_0093,methylation
methylation_Gene_0094,methylation
methylation_Gene_0095,methylation
methylation_Gene_0096,methylation
methylation_Gene_0097,methylation
methylation_Gene_0098,methylation
methylation_Gene_0099,methylation
methylation_Gene_0100,methylation
methylation_Gene_0101,methylation
methylation_Gene_0102,methylation
methylation_Gene_0103,methylation
methylation_Gene_0104,methylation
methylation_Gene_0105,methylation
methylation_Gene_0106,methylation
methylation_Gene_0107,methylation
methylation_Gene_0108,methylation
methylation_Gene_0109,methylation
methylation_Gene_0110,methylation
methylation_Gene_0111,methylation
methylation_Gene_0112,methylation
methylation_Gene_0113,methylation
methylation_Gene_0114,methylation
methylation_Gene_0115,methylation
methylation_Gene_0116,methylation
methylation_Gene_0117,methylation
methylation_Gene_0118,methylation
methylation_Gene_0119,methylation
methylation_Gene_0120,methylation
methylation_Gene_0121,methylation
methylation_Gene_0122,methylation
methylation_Gene_0123,methylation
methylation_Gene_0124,methylation
methylation_Gene_0125,methylation
methylation_Gene_0126,methylation
methylation_Gene_0127,methylation
methylation_Gene_0128,methylation
methylation_Gene_0129,methylation
methylation_Gene_0130,methylation
methylation_Gene_0131,methylation
methylation_Gene_0132,methylation
methylation_Gene_0133,methylation
methylation_Gene_0134,methylation
methylation_Gene_0135,methylation
methylation_Gene_0136,methylation
methylation_Gene_0137,methylation
methylation_Gene_0138,methylation
methylation_Gene_0139,methylation
methylation_Gene_0140,methylation
methylation_Gene_0141,methylation
methylation_Gene_0142,methylation
methylation_Gene_0143,methylation
methylation_Gene_0144,methylation
methylation_Gene_0145,methylation
methylation_Gene_0146,methylation
methylation_Gene_0147,methylation
methylation_Gene_0148,methylation
methylation_Gene_0149,methylation
methylation_Gene_0150,methylation
methylation_Gene_0151,methylation
methylation_Gene_0152,methylation
methylation_Gene_0153,methylation
methylation_Gene_0154,methylation
methylation_Gene_0155,methylation
methylation_Gene_0156,methylation
methylation_Gene_0157,methylation
methylation_Gene_0158,methylation
methylation_Gene_0159,methylation
methylation_Gene_0160,methylation
methylation_Gene_0161,methylation
methylation_Gene_0162,methylation
methylation_Gene_0163,methylation
methylation_Gene_0164,methylation
methylation_Gene_0165,methylation
methylation_Gene_0166,methylation
methylation_Gene_0167,methylation
methylation_Gene_0168,methylation
methylation_Gene_0169,methylation
methylation_Gene_0170,methylation
methylation_Gene_0171,methylation
methylation_Gene_0172,methylation
methylation_Gene_0173,methylation
methylation_Gene_0174,methylation
methylation_Gene_0175,methylation
methylation_Gene_0176,methylation
methylation_Gene_0177,methylation
methylation_Gene_0178,methylation
methylation_Gene_0179,methylation
methylation_Gene_0180,methylation
methylation_Gene_0181,methylation
methylation_Gene_0182,methylation
methylation_Gene_0183,methylation
methylation_Gene_0184,methylation
methylation_Gene_0185,methylation
methylation_Gene_0186,methylation
methylation_Gene_0187,methylation
methylation_Gene_0188,methylation
methylation_Gene_0189,methylation
methylation_Gene_0190,methylation
methylation_Gene_0191,methylation
methylation_Gene_0192,methylation
methylation_Gene_0193,methylation
methylation_Gene_0194,methylation
methylation_Gene_0195,methylation
methylation_Gene_0196,methylation
methylation_Gene_0197,methylation
methylation_Gene_0198,methylation
methylation_Gene_0199,methylation
methylation_Gene_0200,methylation
methylation_Gene_0201,methylation
methylation_Gene_0202,methylation
methylation_Gene_0203,methylation
methylation_Gene_0204,methylation
methylation_Gene_0205,methylation
methylation_Gene_0206,methylation
methylation_Gene_0207,methylation
methylation_Gene_0208,methylation
methylation_Gene_0209,methylation
methylation_Gene_0210,methylation
methylation_Gene_0211,methylation
methylation_Gene_0212,methylation
methylation_Gene_0213,methylation
methylation_Gene_0214,methylation
methylation_Gene_0215,methylation
methylation_Gene_0216,methylation
methylation_Gene_0217,methylation
methylation_Gene_0218,methylation
methylation_Gene_0219,methylation
methylation_Gene_0220,methylation
methylation_Gene_0221,methylation
methylation_Gene_0222,methylation
methylation_Gene_0223,methylation
methylation_Gene_0224,methylation
methylation_Gene_0225,methylation
methylation_Gene_0226,methylation
methylation_Gene_0227,methylation
methylation_Gene_0228,methylation
methylation_Gene_0229,methylation
methylation_Gene_0230,methylation
methylation_Gene_0231,methylation
methylation_Gene_0232,methylation
methylation_Gene_0233,methylation
methylation_Gene_0234,methylation
methylation_Gene_0235,methylation
methylation_Gene_0236,methylation
methylation_Gene_0237,methylation
methylation_Gene_0238,methylation
methylation_Gene_0239,methylation
methylation_Gene_0240,methylation
methylation_Gene_0241,methylation
methylation_Gene_0242,methylation
methylation_Gene_0243,methylation
methylation_Gene_0244,methylation
methylation_Gene_0245,methylation
methylation_Gene_0246,methylation
methylation_Gene_0247,methylation
methylation_Gene_0248,methylation
methylation_Gene_0249,methylation
methylation_Gene_0250,methylation
methylation_Gene_0251,methylation
methylation_Gene_0252,methylation
methylation_Gene_0253,methylation
methylation_Gene_0254,methylation
methylation_Gene_0255,methylation
methylation_Gene_0256,methylation
methylation_Gene_0257,methylation
methylation_Gene_0258,methylation
methylation_Gene_0259,methylation
methylation_Gene_0260,methylation
methylation_Gene_0261,methylation
methylation_Gene_0262,methylation
methylation_Gene_0263,methylation
methylation_Gene_0264,methylation
methylation_Gene_0265,methylation
methylation_Gene_0266,methylation
methylation_Gene_0267,methylation
methylation_Gene_0268,methylation
methylation_Gene_0269,methylation
methylation_Gene_0270,methylation
methylation_Gene_0271,methylation
methylation_Gene_0272,methylation
methylation_Gene_0273,methylation
methylation_Gene_0274,methylation
methylation_Gene_0275,methylation
methylation_Gene_0276,methylation
methylation_Gene_0277,methylation
methylation_Gene_0278,methylation
methylation_Gene_0279,methylation
methylation_Gene_0280,methylation
methylation_Gene_0281,methylation
methylation_Gene_0282,methylation
methylation_Gene_0283,methylation
methylation_Gene_0284,methylation
methylation_Gene_0285,methylation
methylation_Gene_0286,methylation
methylation_Gene_0287,methylation
methylation_Gene_0288,methylation
methylation_Gene_0289,methylation
methylation_Gene_0290,methylation
methylation_Gene_0291,methylation
methylation_Gene_0292,methylation
methylation_Gene_0293,methylation
methylation_Gene_0294,methylation
methylation_Gene_0295,methylation
methylation_Gene_0296,methylation
methylation_Gene_0297,methylation
methylation_Gene_0298,methylation
methylation_Gene_0299,methylation
methylation_Gene_0300,methylation
methylation_Gene_0301,methylation
methylation_Gene_0302,methylation
methylation_Gene_0303,methylation
methylation_Gene_0304,methylation
methylation_Gene_0305,methylation
methylation_Gene_0306,methylation
methylation_Gene_0307,methylation
methylation_Gene_0308,methylation
methylation_Gene_0309,methylation
methylation_Gene_0310,methylation
methylation_Gene_0311,methylation
methylation_Gene_0312,methylation
methylation_Gene_0313,methylation
methylation_Gene_0314,methylation
methylation_Gene_0315,methylation
methylation_Gene_0316,methylation
methylation_Gene_0317,methylation
methylation_Gene_0318,methylation
methylation_Gene_0319,methylation
methylation_Gene_0320,methylation
methylation_Gene_0321,methylation
methylation_Gene_0322,methylation
methylation_Gene_0323,methylation
methylation_Gene_0324,methylation
methylation_Gene_0325,methylation
methylation_Gene_0326,methylation
methylation_Gene_0327,methylation
methylation_Gene_0328,methylation
methylation_Gene_0329,methylation
methylation_Gene_0330,methylation
methylation_Gene_0331,methylation
methylation_Gene_0332,methylation
methylation_Gene_0333,methylation
methylation_Gene_0334,methylation
methylation_Gene_0335,methylation
methylation_Gene_0336,methylation
methylation_Gene_0337,methylation
methylation_Gene_0338,methylation
methylation_Gene_0339,methylation
methylation_Gene_0340,methylation
methylation_Gene_0341,methylation
methylation_Gene_0342,methylation
methylation_Gene_0343,methylation
methylation_Gene_0344,methylation
methylation_Gene_0345,methylation
methylation_Gene_0346,methylation
methylation_Gene_0347,methylation
methylation_Gene_0348,methylation
methylation_Gene_0349,methylation
methylation_Gene_0350,methylation
methylation_Gene_0351,methylation
methylation_Gene_0352,methylation
methylation_Gene_0353,methylation
methylation_Gene_0354,methylation
methylation_Gene_0355,methylation
methylation_Gene_0356,methylation
methylation_Gene_0357,methylation
methylation_Gene_0358,methylation
methylation_Gene_0359,methylation
methylation_Gene_0360,methylation
methylation_Gene_0361,methylation
methylation_Gene_0362,methylation
methylation_Gene_0363,methylation
methylation_Gene_0364,methylation
methylation_Gene_0365,methylation
methylation_Gene_0366,methylation
methylation_Gene_0367,methylation
methylation_Gene_0368,methylation
methylation_Gene_0369,methylation
methylation_Gene_0370,methylation
methylation_Gene_0371,methylation
methylation_Gene_0372,methylation
methylation_Gene_0373,methylation
methylation_Gene_0374,methylation
methylation_Gene_0375,methylation
methylation_Gene_0376,methylation
methylation_Gene_0377,methylation
methylation_Gene_0378,methylation
methylation_Gene_0379,methylation
methylation_Gene_0380,methylation
methylation_Gene_0381,methylation
methylation_Gene_0382,methylation
methylation_Gene_0383,methylation
methylation_Gene_0384,methylation
methylation_Gene_0385,methylation
methylation_Gene_0386,methylation
methylation_Gene_0387,methylation
methylation_Gene_0388,methylation
methylation_Gene_0389,methylation
methylation_Gene_0390,methylation
methylation_Gene_0391,methylation
methylation_Gene_0392,methylation
methylation_Gene_0393,methylation
methylation_Gene_0394,methylation
methylation_Gene_0395,methylation
methylation_Gene_0396,methylation
methylation_Gene_0397,methylation
methylation_Gene_0398,methylation
methylation_Gene_0399,methylation
methylation_Gene_0400,methylation
methylation_Gene_0401,methylation
methylation_Gene_0402,methylation
methylation_Gene_0403,methylation
methylation_Gene_0404,methylation
methylation_Gene_0405,methylation
methylation_Gene_0406,methylation
methylation_Gene_0407,methylation
methylation_Gene_0408,methylation
methylation_Gene_0409,methylation
methylation_Gene_0410,methylation
methylation_Gene_0411,methylation
methylation_Gene_0412,methylation
methylation_Gene_0413,methylation
methylation_Gene_0414,methylation
methylation_Gene_0415,methylation
methylation_Gene_0416,methylation
methylation_Gene_0417,methylation
methylation_Gene_0418,methylation
methylation_Gene_0419,methylation
methylation_Gene_0420,methylation
methylation_Gene_0421,methylation
methylation_Gene_0422,methylation
methylation_Gene_0423,methylation
methylation_Gene_0424,methylation
methylation_Gene_0425,methylation
methylation_Gene_0426,methylation
methylation_Gene_0427,methylation
methylation_Gene_0428,methylation
methylation_Gene_0429,methylation
methylation_Gene_0430,methylation
methylation_Gene_0431,methylation
methylation_Gene_0432,methylation
methylation_Gene_0433,methylation
methylation_Gene_0434,methylation
methylation_Gene_0435,methylation
methylation_Gene_0436,methylation
methylation_Gene_0437,methylation
methylation_Gene_0438,methylation
methylation_Gene_0439,methylation
methylation_Gene_0440,methylation
methylation_Gene_0441,methylation
methylation_Gene_0442,methylation
methylation_Gene_0443,methylation
methylation_Gene_0444,methylation
methylation_Gene_0445,methylation
methylation_Gene_0446,methylation
methylation_Gene_0447,methylation
methylation_Gene_0448,methylation
methylation_Gene_0449,methylation
methylation_Gene_0450,methylation
methylation_Gene_0451,methylation
methylation_Gene_0452,methylation
methylation_Gene_0453,methylation
methylation_Gene_0454,methylation
methylation_Gene_0455,methylation
methylation_Gene_0456,methylation
methylation_Gene_0457,methylation
methylation_Gene_0458,methylation
methylation_Gene_0459,methylation
methylation_Gene_0460,methylation
methylation_Gene_0461,methylation
methylation_Gene_0462,methylation
methylation_Gene_0463,methylation
methylation_Gene_0464,methylation
methylation_Gene_0465,methylation
methylation_Gene_0466,methylation
methylation_Gene_0467,methylation
methylation_Gene_0468,methylation
methylation_Gene_0469,methylation
methylation_Gene_0470,methylation
methylation_Gene_0471,methylation
methylation_Gene_0472,methylation
methylation_Gene_0473,methylation
methylation_Gene_0474,methylation
methylation_Gene_0475,methylation
methylation_Gene_0476,methylation
methylation_Gene_0477,methylation
methylation_Gene_0478,methylation
methylation_Gene_0479,methylation
methylation_Gene_0480,methylation
methylation_Gene_0481,methylation
methylation_Gene_0482,methylation
methylation_Gene_0483,methylation
methylation_Gene_0484,methylation
methylation_Gene_0485,methylation
methylation_Gene_0486,methylation
methylation_Gene_0487,methylation
methylation_Gene_0488,methylation
methylation_Gene_0489,methylation
methylation_Gene_0490,methylation
methylation_Gene_0491,methylation
methylation_Gene_0492,methylation
methylation_Gene_0493,methylation
methylation_Gene_0494,methylation
methylation_Gene_0495,methylation
methylation_Gene_0496,methylation
methylation_Gene_0497,methylation
methylation_Gene_0498,methylation
methylation_Gene_0499,methylation
